evidence_id,title,doi,primary_url,donor_or_organism,life_stage,salinity_chemistry,salinity_concentration,ec_context,exposure_duration,experimental_unit,sample_size,endpoint,reported_effect,effect_units_context,limitation,evidence_tier,retrieval_date,source_sha256,source_sha256_status,source_reference_identity,metadata_basis,program_assumptions
"EV_ROOTSTOCK_SCREEN_2020","Linking diverse salinity responses of 14 almond rootstocks with physiological, biochemical, and genetic determinants","10.1038/s41598-020-78036-4","https://doi.org/10.1038/s41598-020-78036-4","14 commercial Prunus rootstocks used for almond","Non-grafted pot-grown juvenile rootstocks in 1.5-gallon one-plant pots","Municipal-water nutrient control plus four distinct source-reported mixed-ion recipes: Na-sulfate; Na-chloride; Na-chloride/sulfate; and Ca/Mg-chloride/sulfate","Treatment-specific meq/L recipe; not an NaCl-equivalent conversion","ECiw 1.36 dS/m control and ECiw 3.0 dS/m for each saline recipe; pH 7.3-7.6","10 months; leaf ion and physiology measurements at 8 weeks","One plant in one pot; blocks and pots are design levels and leaves are subsamples","630 trees = 14 genotypes x 5 waters x 3 blocks x 3 one-plant pots; gas exchange n=6 leaves per genotype-water cell","Survival; trunk diameter; leaf ions; gas exchange; chlorophyll; biochemical markers; expression of 23 salt-response genes","Na-chloride caused the greatest survival and trunk-diameter reduction; Empyrean 1 and several peach-almond hybrids were relatively tolerant and performance related to leaf Na and Cl exclusion","Survival and trunk-diameter outcomes plus source-reported tissue-ion and physiological units; no single construct effect","Moderate-EC juvenile rootstock association study; not seawater, not grafted fruiting yield, and not causal evidence for any locus","NA_NON_CANDIDATE","2026-08-12","not_available","primary_source_not_archived","doi:10.1038/s41598-020-78036-4","mixed_source_reported_and_program_assumption","AlmondLab uses this as a chassis and calibration anchor only; it assumes no candidate efficacy"
"EV_ROOT_GRADIENT_2021","Investigation of Salt Tolerance Mechanisms Across a Root Developmental Gradient in Almond Rootstocks","10.3389/fpls.2020.595055","https://doi.org/10.3389/fpls.2020.595055","Empyrean-1, Controller-5, and Krymsk-86 Prunus rootstocks","Young rootstocks; root developmental zones Z0-Z2","NaCl-only treatments","0, 50, and 150 mM NaCl","not_reported","13-day phenotype; 3-day Na imaging, suberin/lignin, and gene-expression exposure; viability at 3 and 13 days","Plant for growth; root image or sampled root zone is a subsample","Growth n=5; imaging/viability n=15 signals or samples as reported; gene expression at least 3 biological replicates","Root and leaf growth; Na localization; viability; suberin/lignin; salt-related expression","Empyrean-1 showed lower cortical Na signal, earlier barrier deposition, and higher viability than comparators under NaCl challenge","Source-reported relative imaging, anatomy, viability, and expression context","Acute juvenile NaCl-only study with imaging proxies; no mult-ion chemistry, causal KCS1 locus, yield, or food-safety result","E4","2026-08-12","not_available","primary_source_not_archived","doi:10.3389/fpls.2020.595055","mixed_source_reported_and_program_assumption","E4 barrier and transporter hypotheses are AlmondLab assignments; the source does not identify a construct-ready KCS1 locus"
"EV_ROOTPAC40_TRANSCRIPTOME_2022","Morphological, physiological, biochemical, and transcriptome studies reveal the importance of transporters and stress signaling pathways during salinity stress in Prunus","10.1038/s41598-022-05202-1","https://doi.org/10.1038/s41598-022-05202-1","Rootpac 40 and Nemaguard rootstocks","Approximately one-year-old rootstocks","Riverside city-water control and Na/Cl-dominant saline irrigation; complete mixed-ion recipe is in Supplementary Table S12","source_reported_recipe_in_supplement_not_transcribed_here","EC 1.36 dS/m control and EC 3.0 dS/m saline water","10 months whole-plant treatment; RNA-seq roots and leaves at 48 hours; physiology at 8 weeks","One plant per biological replicate; tissue and sequencing measurements are subsamples","3 biological replicates per reported physiological, ion, and RNA-seq comparison; 24 repository runs across the factorial design","Survival; trunk diameter; leaf ions; proline; gas exchange; root/leaf RNA-seq","Rootpac 40 survival was 90.6% versus 38.9% for Nemaguard in the saline treatment and Rootpac 40 accumulated less leaf Na and Cl","Percent survival and source-reported ion, physiological, and expression contexts","Two rootstocks and three biological replicates; repository metadata do not map runs to treatments; no grafted fruiting result and no Rootpac 40 allele is sequence-verified by expression association","E4","2026-08-12","not_available","primary_source_not_archived","doi:10.1038/s41598-022-05202-1","mixed_source_reported_and_program_assumption","Associated genes remain E4 program hypotheses; no expression association is treated as causal efficacy"
"EV_PRUNUS_SOS_MAP_2024","Understanding the salt overly sensitive pathway in Prunus: Identification and characterization of NHX, CIPK, and CBL genes","10.1002/tpg2.20371","https://doi.org/10.1002/tpg2.20371","Six Rosaceae species with functional assays focused on Prunus persica","Root and leaf source material plus yeast interaction assays; exact plant age not_reported","Control irrigation and Na/Cl-dominant saline irrigation in the linked Prunus expression context","complete ion recipe not_reported in the registry source extraction","EC 1.36 dS/m control and EC 3.0 dS/m saline context","48 hours for the reported salinity expression context; interaction-assay duration not_applicable","Plant biological replicate for expression; yeast interaction assay unit is assay-specific and not_reported","not_reported for each assay in the accessible audited record","Genome-wide NHX/CIPK/CBL identification; expression; yeast two-hybrid interaction among PpSOS proteins","The source identified PpSOS1, PpSOS2, and PpSOS3 and reported direct PpSOS3-PpSOS2 and PpSOS2-PpSOS1 C-terminal interactions","Interaction and relative-expression context; no stable-plant efficacy effect size","Interaction and expression evidence do not establish directional Na transport, compatible full-complex activation, or almond efficacy; nomenclature conflicts require accession anchoring","E4","2026-08-12","not_available","primary_source_not_archived","doi:10.1002/tpg2.20371","mixed_source_reported_and_program_assumption","AlmondLab assigns E4 to interaction-only prequalification records and does not infer efficacy"
"EV_ALMOND_HAIRY_ROOT_2024","Genome editing in almond using hairy root transformation system","10.1007/s11240-024-02935-x","https://doi.org/10.1007/s11240-024-02935-x","Prunus dulcis seedlings and almond x peach hybrids; no donor construct candidate","Composite plants with wild-type shoots and transformed hairy roots","No salinity challenge","not_applicable","not_applicable","Roots subcultured every 4-5 weeks; composite plants moved to soil after about 1 month","Composite plant and transformed hairy-root event; event independence is not fully established by the small feasibility study","6 screened composite plants in the audited public-data record; reported transformation rate 41 +/- 7%","Hairy-root induction; VENUS signal; CRISPR screening for ERF74 and GAI","Composite plants and edited hairy roots were recovered, supporting method feasibility","41 +/- 7% transformation rate as reported; six composite plants, not an efficacy sample","Composite roots are not stable rootstocks; limited replication; the cited Zenodo sequences/chromatograms DOI 10.5281/zenodo.10945763 returned HTTP 410 Gone","NA_NON_CANDIDATE","2026-08-12","not_available","primary_source_not_archived","doi:10.1007/s11240-024-02935-x","source_reported","none"
"EV_ALMOND_STABLE_TRANSFORM_1999","Transgenic almond (Prunus dulcis Mill.) plants obtained by Agrobacterium-mediated transformation of leaf explants","10.1007/s002990050591","https://doi.org/10.1007/s002990050591","Prunus dulcis leaf explants; no Paper 1 donor candidate","Regenerated micropropagated shoots","No salinity treatment","not_applicable","not_applicable","not_reported for the complete regeneration workflow in the audited seed","Regenerated shoot or clone; independence and chimerism are limitations","4 regenerated shoots A-D reached molecular assessment; only clone D was consistently positive","GUS; PCR; Southern blot; chimerism assessment","One clone yielded evidence compatible with stable integration; three appeared chimeric","One of four assessed shoots with consistent molecular evidence; no salinity effect","Old low-throughput feasibility report with chimerism; not a current reproducible regeneration protocol or salinity phenotype","NA_NON_CANDIDATE","2026-08-12","not_available","primary_source_not_archived","doi:10.1007/s002990050591","source_reported","none"
"EV_ECTOCARPUS_MANNITOL_2020","Low Mannitol Concentrations in Arabidopsis thaliana Expressing Ectocarpus Genes Improve Salt Tolerance","10.3390/plants9111508","https://doi.org/10.3390/plants9111508","Ectocarpus sp. Ec32","Three independent fifth-generation stable Arabidopsis thaliana Col-0 double-transgenic lines; soil assay began with 15-day-old plants","NaCl added to the Arabidopsis growth treatment; not seawater or a complete multi-ion recipe","100 mM NaCl","not_reported","10 days after irrigation for the reported 25-day-old soil-plant phenotype","Independent stable transgenic line for construct generalization; individual plants are units for within-line phenotype precision","3 independent stable double-transgenic lines EsM1-EsM3; soil-plant biomass and electrolyte-leakage figure reports n=30","Transgene expression; LC-MS mannitol; fresh and dry weight; electrolyte leakage; heat phenotype; transcriptomics","Mannitol-producing lines had higher fresh and dry weight and lower electrolyte leakage than wild type under 100 mM NaCl; low mannitol was detected and salt-responsive transcriptional changes were reported","Fresh and dry weight and electrolyte leakage in source units; figure n=30; mannitol and transcript fold-change context is assay specific","Constitutive paired-gene expression in Arabidopsis does not isolate enzymes, establish carbon cost in woody roots, or complete the legacy Esi sequence crosswalk","E2","2026-08-12","not_available","primary_source_not_archived","doi:10.3390/plants9111508","mixed_source_reported_and_program_assumption","E2 is a program tier; no almond or sequence-crosswalk efficacy is inferred"
"EV_ECTOCARPUS_ESI0056_2021","A Novel Protein from Ectocarpus sp. Improves Salinity and High Temperature Stress Tolerance in Arabidopsis thaliana","10.3390/ijms22041971","https://doi.org/10.3390/ijms22041971","Ectocarpus sp. Ec32","Fifth-generation stable Arabidopsis thaliana lines: two 35S lines and three RD29A stress-inducible lines; four-day-old seedlings and 13-day-old peat-grown plants were assayed","Half-strength MS plus NaCl for plates; peat pellets irrigated once with 200 mM NaCl to establish about 100 mM in the substrate","100 mM NaCl in plate and maintained-substrate assays","not_reported","Plate outcomes at 7 or 9 days after transfer; peat-grown plants assessed through 3 weeks; electrolyte leakage at 24 and 48 hours","Independent stable line for construct-level inference; seedling or peat-grown plant is the within-line biological unit","5 independent lines; plate assays repeated 3 times with 30 plants per treatment (n=90); peat assay repeated 3 times with 5 plants per treatment (n=15)","Root length; lateral roots; fresh and dry weight; chlorosis; electrolyte leakage; stress-related qPCR; protein expression","All five transgenic lines performed better than wild type under 100 mM NaCl; peat-grown transgenics had greater biomass and reduced electrolyte leakage, with no consistent standard-condition growth advantage","Source-reported root, biomass, chlorosis, and leakage measures; plate n=90 and peat n=15","Protein function and mechanism remain unknown; land-plant phenotype does not establish woody-root ion fate, direct transport, or safe target-chassis dose","E3","2026-08-12","not_available","primary_source_not_archived","doi:10.3390/ijms22041971","mixed_source_reported_and_program_assumption","E3 and root-preferred prequalification are program assignments; no direct transport mechanism is inferred"
"EV_PYKPA1_2013","Functional expression of an animal type-Na+-ATPase gene from a marine red seaweed Porphyra yezoensis increases salinity tolerance in rice plants","10.5511/plantbiotechnology.13.0517a","https://doi.org/10.5511/plantbiotechnology.13.0517a","Porphyra yezoensis, current synonym Neopyropia yezoensis","Stable Oryza sativa cv. Nipponbare T2 transformants at third-leaf stage; two lines #28 and #115","MS medium plus NaCl; no complete seawater chemistry","50 mM NaCl","not_reported","12 days","Independent rice transformation line for construct generalization; individual plant for biomass","n=12 plants for fresh-weight comparison; 2 transformed lines","Total and root fresh biomass; transcript; transient localization; plasma-membrane ATPase activity","Under 50 mM NaCl the null lost about 20% total biomass; lines #28 and #115 changed about +8% and -10% from their unsalted conditions and neither change was reported significant; vanadate-sensitive Na+-ATPase activity was reported","Percent total fresh-biomass change and enzyme-activity context","Two rice events and acute single-salt tissue culture; transport stoichiometry, energy burden, effluent ion fate, woody-root function, Cl, and B were not established","E2","2026-08-12","not_available","primary_source_not_archived","doi:10.5511/plantbiotechnology.13.0517a","mixed_source_reported_and_program_assumption","E2 is a program tier; the animal-type Na/K ATPase label and almond transport direction remain hypotheses"
"EV_PYAPX_2026","Physiological, biochemical, and transcriptomic analyses revealed enhanced salt tolerance in rice via heterologous expression of Pyropia yezoensis APX gene","10.1016/j.plaphy.2025.110839","https://doi.org/10.1016/j.plaphy.2025.110839","Pyropia yezoensis; PyMnSOD and PyAPX donors, with Kappaphycus alvarezii KaNa+/H+ comparator","Stable transgenic rice cultivar ZH11; source-reported recovered homozygous T1 inventory comprised 12 PyAPX, 11 PyMnSOD, and 9 KaNa+/H+ lines","NaCl-only challenge; complete multi-ion chemistry was not reported","250 mM NaCl","not_reported","250 mM NaCl applied every 3 days; germination read day 10; other assay-specific endpoints followed the source schedule","Replicate dish for germination; independent line/event allocation for other endpoints not_reported","Germination used 30 seeds per dish x 3 replicate dishes; other endpoint-specific independent-line n not_reported","Germination; growth; ROS and oxidative damage; ion-homeostasis measures; transcriptomics and WGCNA","The source reports that PyAPX-overexpressing rice had stronger salt-stress phenotypes than the PyMnSOD and KaNa+/H+ comparators, including germination, growth, ROS-damage, and ion-homeostasis readouts","Source-reported germination dish design and recovered-line inventory under 250 mM NaCl; the 12/11/9 inventory is not endpoint experimental n; effects remain heterologous-rice evidence, not almond efficacy or a program ranking","Paper-reported accessions and independently verified repository records do not establish the exact targeting sequence, construct map, or event-to-construct mapping; the paper calls the KaNa+/H+ MT473962 cloned material a full-length coding sequence while NCBI resolves MT473962.1 as a partial CDS; complete multi-ion chemistry and almond ion-fate evidence remain unavailable","E2","2026-08-13","not_available","primary_source_not_archived","doi:10.1016/j.plaphy.2025.110839","mixed_source_reported_and_program_assumption","The paper reports PyAPX AY282755.1, PyMnSOD DQ146477.2, and KaNa+/H+ MT473962 (unversioned), calling the latter cloned material a full-length coding sequence; independent repository retrieval verifies AY282755.1 and DQ146477.2 and resolves MT473962.1 as a partial CDS. These records are not construct-ready because targeting, construct-map, and event validation remain unresolved; E2 is a provisional phenotype tier and authorizes no order or optimization"
"EV_SBSOS1_2012","The SbSOS1 gene from the extreme halophyte Salicornia brachiata enhances Na+ loading in xylem and confers salt tolerance in transgenic tobacco","10.1186/1471-2229-12-188","https://doi.org/10.1186/1471-2229-12-188","Salicornia brachiata Roxb.","One-month donor seedlings and stable T0/T1 Nicotiana tabacum transformants","NaCl-only donor and tobacco assays","Donor 0.10-2.0 M NaCl; tobacco 0-300 mM NaCl depending on assay","not_reported","Donor 48 h; tobacco 15 d germination, 30 d seedlings, 45 d tissue collection, or 60 d ROS arm depending on assay","Independent T0 event for transformation; selected stable line or plant for later assays","70 independent T0 events initially screened; selected-line n varies by assay and is not_reported here","Germination; growth; biomass; water status; chlorophyll; Na/K/Ca; xylem-sap Na; ROS; leakage; osmolytes","Selected transgenics showed improved stress phenotypes and K/Na ratio with lower root/leaf Na, but higher stem and xylem-sap Na","Source-reported relative traits and organ ion concentrations; no almond-rootstock effect","The reported xylem-loading route could raise scion or kernel Na; 35S tobacco evidence does not establish cortex-facing almond expression or safe whole-system ion fate","E2","2026-08-12","not_available","primary_source_not_archived","doi:10.1186/1471-2229-12-188","mixed_source_reported_and_program_assumption","C4 is conditionally admitted by program rule only after cortex-facing localization; it is not assumed to be an exclusion gene"
"EV_PPHKT1_2019","Expression of the high-affinity K+ transporter 1 (PpHKT1) gene from almond rootstock 'Nemaguard' improved salt tolerance of transgenic Arabidopsis","10.1371/journal.pone.0214473","https://doi.org/10.1371/journal.pone.0214473","Prunus persica rootstock 'Nemaguard'","Stable T3 Arabidopsis thaliana athkt1 lines PpHKT1OE2.2 and PpHKT1NP6; assays used seedlings or three-week-old soil plants","One-eighth-strength MS with NaCl for soil assays; MS plus NaCl for lateral-root assay; no complete seawater chemistry","80 mM NaCl for lateral-root assay; 90 mM primary treatment; survival explored at 120 and 150 mM","not_reported","10 days for 80 mM root assay; 18 days for dry weight; 2-3 weeks for 90 mM leakage/survival; expression sampled at 48 hours","Independent stable line for construct generalization; individual seedling or plant is the within-line biological unit and leaf disks are subsamples","2 named transgenic lines; soil assay 12 plants per line; root methods report 8 seedlings per line x 3 replicates while the figure reports 10 seedlings per replicate (n=3); assay-specific n otherwise varies","Germination; survival; root architecture; biomass; leakage; relative water content; expression; complementation","Both lines survived 120 mM when athkt1 died after 18 days; at 90 mM they improved dry weight and survival, and at 80 mM they improved lateral roots and fresh weight relative to athkt1","Source-reported survival, weight, root, leakage, water-content, and expression context; methods/figure seedling-count discrepancy is retained","Two Arabidopsis lines do not establish woody-root xylem retrieval, root-stele injury limits, scion protection, or the exact Nemaguard clone; two Lovell reference isoforms exist","E1","2026-08-12","not_available","primary_source_not_archived","doi:10.1371/journal.pone.0214473","mixed_source_reported_and_program_assumption","E1 is a program tier; Prupe.1G067100 is a reference locus and not a sequence certificate for the experimental Nemaguard clone"
"EV_PPSOS2_2022","Transgenic Expression of Prunus persica Salt Overly Sensitive 2 (PpSOS2) in the atsos2 Mutant Imparts Salt Tolerance in Arabidopsis","10.1021/acsagscitech.1c00276","https://doi.org/10.1021/acsagscitech.1c00276","Prunus persica rootstock 'Nemaguard'","Stable atsos2 Arabidopsis complementation lines PpSOS2.OE3.5 and PpSOS2NP.2.7","NaCl-only assays","90 mM NaCl for germination, survival, and dry weight; 50 mM for root growth, leakage, and 24-h expression sampling","not_reported","Assay-specific; 24 hours for reported expression sampling","Independent stable transgenic line for construct generalization; plant/seedling within line","2 named transgenic lines; per-endpoint biological n not_reported in this registry","Germination; survival; dry weight; roots; leakage; expression and K-channel/ROS-response expression","Both lines improved germination, survival, and dry weight at 90 mM NaCl; 50 mM root inhibition was restored and leakage was lower","Source-reported relative phenotype and assay context","A broad-network kinase result in Arabidopsis does not establish compatible CBL/SOS1 activation, ion destination, pleiotropy, or almond efficacy","E1","2026-08-12","not_available","primary_source_not_archived","doi:10.1021/acsagscitech.1c00276","mixed_source_reported_and_program_assumption","E1 is a program tier; PpSOS2/PpCIPK24 identity remains anchored to reference locus and accession versions"
"EV_KANAH_2022","The red seaweed Kappaphycus alvarezii antiporter gene (KaNa+/H+) confers abiotic stress tolerance in transgenic tobacco","10.1007/s11033-022-07213-7","https://doi.org/10.1007/s11033-022-07213-7","Kappaphycus alvarezii","Stable transgenic tobacco; precise developmental stage unresolved in the accessible record","Salt and osmotic stress reported; complete chemistry not_reported","not_reported","not_reported","not_reported","Independent stable tobacco event should be the construct-level unit; actual event allocation unresolved","not_reported in the accessible primary metadata","Growth and physiological responses under salt and osmotic stress","Authors report that author-labeled KaNa+/H+ expression conferred abiotic-stress tolerance in transgenic tobacco","Relative phenotype; exact concentration, units, duration, and n unresolved in this registry","The paper reports unversioned MT473962 and calls the cloned material a full-length coding sequence, whereas NCBI resolves MT473962.1 as a partial CDS; this identity/completeness conflict, exact construct map, event mapping, settled official symbol, verified topology, and orthogonal transport-direction evidence remain unresolved; tobacco is not almond","E3","2026-08-13","not_available","primary_source_not_archived","doi:10.1007/s11033-022-07213-7","mixed_source_reported_and_program_assumption","KaNa+/H+ remains an author label; the paper reports MT473962 (unversioned) and calls the cloned material a full-length coding sequence, while the independently retrieved repository record resolves MT473962.1 as a partial CDS. The identity/completeness conflict and construct readiness remain unresolved; E3 is a program tier"
"EV_PAVNHX37_2026","Genome-wide identification of the NHX gene family in sweet cherry and functional dissection of PavNHX37, a key salt tolerance gene","10.1186/s12870-026-09156-8","https://doi.org/10.1186/s12870-026-09156-8","Prunus avium 'Meizao' donor and Nicotiana benthamiana recipient","In-vitro sweet-cherry plantlets and stable transgenic tobacco; four-week tobacco used for localization","NaCl solutions applied to plantlets or tobacco pots","0, 50, 100, and 150 mM NaCl","not_reported","Sweet-cherry expression 24 h; tobacco physiological assays after 72 h treatment","Biological replicate; independence and allocation of stable tobacco lines are not fully reported as a construct-level n","3 independent biological replicates for reported assays; independent stable-line count used per endpoint unresolved","NHX-family expression; localization; tobacco growth; Na/K; proline; MDA; ROS and antioxidant enzymes","PavNHX37 expression rose 8.9-fold at 150 mM NaCl; overexpressing tobacco showed lower Na, higher K, better growth, and SOD/POD/CAT activities 3.0-, 3.2-, and 1.2-fold WT under 150 mM","Fold expression and enzyme-activity ratios plus relative ion and growth context","Recent tobacco study with unusual plasma-membrane annotation; exact public accession/sequence identity is not pinned and requires phylogeny, topology, direct transport, and organ-resolved flux audit","E3","2026-08-12","not_available","primary_source_not_archived","doi:10.1186/s12870-026-09156-8","mixed_source_reported_and_program_assumption","PavNHX37 sequence remains unresolved in AlmondLab despite source-reported coordinates and CDS length; no accession is inferred"
"EV_CROP_NA_TRANSPORT_REVIEW_2020","Improving crop salt tolerance using transgenic approaches: An update and physiological analysis","10.1111/pce.13865","https://doi.org/10.1111/pce.13865","Crop plants reviewed; no single donor organism","Multiple crop life stages across reviewed studies","Multiple salinity treatments across reviewed literature","not_applicable_as_single_experiment","not_applicable_as_single_experiment","not_applicable_as_single_experiment","Review article; no single experimental unit","not_applicable_as_single_experiment","Transgenic salt-tolerance mechanisms and physiological limitations","Review evaluates crop salt-tolerance engineering and emphasizes physiological interpretation and field-validation gaps","Narrative review context; no single effect estimate","Review evidence cannot substitute for candidate-specific sequence identity, target-chassis localization, independent field validation, or an almond experiment","NA_NON_CANDIDATE","2026-08-12","not_available","primary_source_not_archived","doi:10.1111/pce.13865","source_reported","none"
"EV_INTENSIA_2024","'Intensia', a New Dwarfing Almond x Peach Hybrid Rootstock for Almond and Peach","10.21273/HORTSCI18021-24","https://doi.org/10.21273/HORTSCI18021-24","Almond x peach hybrid rootstock Intensia, breeder reference MB 1-37, from Texas x Earlygold","Unbudded hybrid trees in primary testing and grafted Vairo or Marinada orchard trees in a later trial","No registered salinity treatment","not_applicable","not_applicable","7 years for primary testing; later grafted rootstock trial planted in 2010","Individual orchard tree within randomized complete blocks for the described 2010 trial","6-12 trees per replicate in the described Vairo/Marinada trial; exact counts for every supporting trial are not_reported","Vigor; early bearing; flowering and harvest timing; cropping efficiency; water-use-efficiency drought context; graft compatibility","The release describes reduced vigor, early bearing, delayed flowering, early harvest, improved cropping efficiency, propagation, and compatibility in almond and peach contexts","Cultivar-release and trial context; no salinity-effect unit","Cultivar release is not transformation evidence or a controlled salinity study; salinity performance and engineering feasibility remain unvalidated","NA_NON_CANDIDATE","2026-08-12","not_available","primary_source_not_archived","doi:10.21273/HORTSCI18021-24","mixed_source_reported_and_program_assumption","AlmondLab designates Intensia only as a later cross-chassis bridge; no salinity efficacy is assumed"
"EV_ALMOND_CHILLING_2020","Analysis of the Modulation of Dormancy Release in Almond (Prunus dulcis) in Relation to the Flowering and Ripening Dates and Production under Controlled Temperature Conditions","10.3390/agronomy10020277","https://doi.org/10.3390/agronomy10020277","Prunus dulcis cultivars Desmayo Largueta and Tardona","Flowering almond material under controlled seasonal temperature programs","No salinity treatment","not_applicable","not_applicable","Seasonal Autumn, Winter, and Spring controlled-temperature programs; exact duration is protocol-specific","Tree or propagated experimental plant; exact independent-unit structure not_reported in this registry","not_reported in this registry","Dormancy release; flowering time; ripening dates; production under controlled temperature","Controlled temperature modulated flowering time, including delayed flowering in Desmayo Largueta","Timing and production context; no salinity effect","Controlled chilling and flowering study is a greenhouse-programming reference, not evidence for salt tolerance, dwarfing, or engineered-rootstock yield","NA_NON_CANDIDATE","2026-08-12","not_available","primary_source_not_archived","doi:10.3390/agronomy10020277","mixed_source_reported_and_program_assumption","AlmondLab uses this only to inform distinct seasonal greenhouse phases; no candidate effect is assumed"
"EV_ALMOND_SEAWEED_2026","Effects of a seaweed biostimulant on physiology and productivity of mature almonds across tree water status","10.1016/j.stress.2026.101307","https://doi.org/10.1016/j.stress.2026.101307","Mature almond orchard treated with Ascophyllum nodosum extract; not a transgenic donor study","Mature orchard trees","Full and deficit irrigation; no reported saline or seawater treatment in the source abstract","not_applicable_to_salinity","not_reported","Multi-season or protocol-specific duration not_reported in this registry","Orchard tree and irrigation treatment structure; exact independent plot unit not_reported in this registry","not_reported in this registry","Tree water status; gas exchange; osmotic potential; leaf temperature; productivity","Soil-applied extract improved several water-status and gas-exchange measures, with efficacy dependent on water-stress intensity and reduced under long severe stress","Source-reported physiological and productivity context; no salinity or transgene effect","Seaweed extract under water deficit is not evidence that a seaweed gene improves almond salinity tolerance and is not a source-seawater experiment","NA_NON_CANDIDATE","2026-08-12","not_available","primary_source_not_archived","doi:10.1016/j.stress.2026.101307","source_reported","none"
"EV_ALMOND_SALINITY_GUIDE_2024","Salinity Management Guide for Almond Growers","not_applicable","https://www.almonds.org/sites/default/files/2024-02/Salinity%20Management%20Guide%20for%20Almond%20Growers.pdf","California almond production guidance; no donor organism","Commercial orchard management context","Guidance covers irrigation-water and soil salinity, Na, Cl, SAR, leaching, and drainage; no single experimental chemistry","not_applicable_as_guidance","not_applicable_as_guidance","not_applicable_as_guidance","Guidance document; no experimental unit","not_applicable_as_guidance","Salinity measurement and orchard-management guidance","Official grower guidance emphasizes measuring and managing water and soil salinity and drainage; it does not report a construct effect","Guidance context; no experimental effect units","Stakeholder guidance is not a primary causal test and cannot define a seawater recipe or validate contained-system performance","NA_NON_CANDIDATE","2026-08-12","not_available","primary_source_not_archived","url:https://www.almonds.org/sites/default/files/2024-02/Salinity%20Management%20Guide%20for%20Almond%20Growers.pdf","official_source","none"
"EV_CA_OCEAN_DESALINATION","Ocean Desalination","not_applicable","https://www.waterboards.ca.gov/water_issues/programs/ocean/desalination/","California State Water Resources Control Board regulatory context","not_applicable","Regulatory and environmental-review context; no plant treatment chemistry","not_applicable","not_applicable","not_applicable","Regulatory source; no experimental unit","not_applicable","California ocean-desalination permitting and environmental framework","Official page describes California requirements and does not authorize a particular greenhouse concentrate discharge","Regulatory context; no biological effect units","Facility-specific permits, waste classification, disposal agreements, and institutional containment requirements remain fact-specific","NA_NON_CANDIDATE","2026-08-12","not_available","primary_source_not_archived","url:https://www.waterboards.ca.gov/water_issues/programs/ocean/desalination/","official_source","No permit or discharge authorization is inferred"
"EV_USDA_APHIS_SECURE","SECURE Rule","not_applicable","https://www.aphis.usda.gov/biotechnology/regulations/secure-rule","USDA APHIS biotechnology regulatory framework","not_applicable","No salinity treatment","not_applicable","not_applicable","not_applicable","Regulatory source; no experimental unit","not_applicable","Regulated movement, importation, and environmental release framework information","Official source describes the SECURE biotechnology framework; it is not a biosafety approval for this program","Regulatory context; no biological effect units","Actual construct, recipient, facility, movement, and use require institution-specific biosafety and regulatory review","NA_NON_CANDIDATE","2026-08-12","not_available","primary_source_not_archived","url:https://www.aphis.usda.gov/biotechnology/regulations/secure-rule","official_source","No exemption, permit, or approval is inferred"
"EV_SCIENTIFIC_REPORTS_RR_POLICY","Registered Reports","not_applicable","https://www.nature.com/srep/journal-policies/registered-reports","Scientific Reports journal policy","not_applicable","No salinity treatment","not_applicable","not_applicable","not_applicable","Journal policy; no experimental unit","not_applicable","Stage 1 and Stage 2 Registered Reports requirements","Official journal policy describes prospective review of questions, methods, analysis, and sampling before results","Publication-policy context; no biological effect units","Live journal policy can change and does not itself establish scientific validity, acceptance, authorship, or submission readiness","NA_NON_CANDIDATE","2026-08-12","not_available","primary_source_not_archived","url:https://www.nature.com/srep/journal-policies/registered-reports","official_source","Scientific Reports is a proposed target only; acceptance is not assumed"
"EV_ROYAL_SOCIETY_OPEN_SCIENCE_POLICY","Open science","not_applicable","https://royalsociety.org/journals/open-access/open-science/","Royal Society journals policy","not_applicable","No salinity treatment","not_applicable","not_applicable","not_applicable","Journal policy; no experimental unit","not_applicable","Open-science and Registered Reports policy context","Official page describes Royal Society open-science policy and Registered Reports context","Publication-policy context; no biological effect units","Live policy can change and does not itself establish scientific validity, acceptance, authorship, or submission readiness","NA_NON_CANDIDATE","2026-08-12","not_available","primary_source_not_archived","url:https://royalsociety.org/journals/open-access/open-science/","official_source","Royal Society Open Science is an alternative target only; acceptance is not assumed"
